Neighborhood,Latitude,Longitude,Assigned_Station,Distance_km
Cairo Neighborhood 1,29.98943,31.55857,4,5.282
Maadi Area 2,29.9081,31.25575,13,2.511
Cairo Neighborhood 3,29.70974,31.19118,14,2.647
Garden City Area 4,30.075,31.23097,1,3.555
Cairo Neighborhood 5,29.99351,30.99034,15,2.69
New Cairo Area 6,30.05623,31.44775,2,4.393
Cairo Neighborhood 7,29.91351,31.65946,4,7.617
Cairo Neighborhood 8,30.29499,30.961,7,2.209
Downtown Area 9,30.06394,31.25437,1,1.223
New Cairo Area 10,29.99841,31.42695,2,3.004
Khan el-Khalili Area 11,30.07772,31.3175,1,5.032
Old Cairo Area 12,29.9796,31.26258,13,5.453
Mohandessin Area 13,30.06944,31.17005,5,3.622
Cairo Neighborhood 14,29.94317,31.04533,15,5.646
Shubra Area 15,30.11385,31.23634,1,5.992
Cairo Neighborhood 16,30.19281,31.42048,6,6.494
Cairo Neighborhood 17,30.00746,31.2977,1,7.218
Zamalek Area 18,30.13397,31.17774,5,10.4
City of the Dead Area 19,30.01823,31.29062,1,5.851
Abbassia Area 20,30.09871,31.3024,1,4.938
Nasr City Area 21,30.10531,31.29139,1,4.898
Cairo Neighborhood 22,29.80499,30.8383,12,9.779
Dokki Area 23,30.04391,31.24107,1,3.53
Mohandessin Area 24,30.07315,31.18608,5,5.011
Cairo Neighborhood 25,29.74472,30.80627,12,2.427
Khan el-Khalili Area 26,29.99619,31.28861,13,7.871
New Cairo Area 27,30.03833,31.47009,2,3.081
Mohandessin Area 28,30.04057,31.18095,5,3.402
Shubra Area 29,30.01818,31.17378,5,3.963
Cairo Neighborhood 30,30.41216,31.41557,10,0.858
Nasr City Area 31,30.12517,31.28397,1,6.698
Cairo Neighborhood 32,29.99887,31.03085,15,4.722
Dokki Area 33,30.07531,31.13227,5,3.666
New Cairo Area 34,30.0274,31.42326,2,2.83
Cairo Neighborhood 35,30.27711,31.43335,8,4.473
Heliopolis Area 36,30.17208,31.32253,6,9.891
Shubra Area 37,30.09137,31.2432,1,3.549
Zamalek Area 38,30.08276,31.28255,1,2.344
Heliopolis Area 39,30.07121,31.2916,1,2.445
Dokki Area 40,30.06608,31.2,5,5.733
Cairo Neighborhood 41,30.02851,31.49029,2,4.087
Nasr City Area 42,30.15655,31.43112,6,2.861
Cairo Neighborhood 43,30.109,31.21197,1,7.049
6th October City Area 44,29.93131,30.92246,15,8.178
Heliopolis Area 45,30.14797,31.34037,6,7.405
Heliopolis Area 46,30.02464,31.31142,1,6.345
Abbassia Area 47,30.07933,31.34626,1,7.772
Cairo Neighborhood 48,29.69141,31.61024,3,1.586
Maadi Area 49,29.93406,31.34578,13,8.519
Cairo Neighborhood 50,30.32187,31.07126,7,10.163
Cairo Neighborhood 51,29.85627,31.24938,13,8.296
Downtown Area 52,30.01803,31.25587,1,5.501
Heliopolis Area 53,30.04249,31.34107,1,7.634
Cairo Neighborhood 54,30.39615,31.58993,11,1.08
Dokki Area 55,30.09627,31.21987,1,5.569
Dokki Area 56,30.05679,31.27911,1,1.622
Nasr City Area 57,30.0116,31.23843,1,6.692
Garden City Area 58,30.03192,31.21076,5,6.391
City of the Dead Area 59,29.98348,31.24304,13,6.016
Cairo Neighborhood 60,30.46908,31.2365,9,7.176
